ind,LL(%),PL(%),w(%),s'v (kPa),s'p (kPa),su(test) (kPa)
0,70,25,85,30.2,43,13
1,60,25,75,38.6,60,7
2,45,20,50,42.2,45,7.5
3,70,20,80,24.5,25,7
4,30,15,75,27,30,7
5,80,20,100,32,40,12
6,90,15,120,37,40,12
7,80,35,110,18,30,9
8,75,30,100,23,35,11
9,43,20,65,28,30,10
10,55,20,80,33,40,11
11,25,20,40,38,50,8
12,22,20,25,43,50,16
13,45,20,40,24.2,150,42
14,80,25,100,33,40,15
15,110,25,130,43,50,21
16,110,25,120,48,55,23
17,80,25,110,53,60,25
18,69,32.3,75,35.4,105.4,19.1
19,66.3,31.6,79,37.8,107.8,20
20,60.8,30.2,70,40.3,110.3,28.2
21,55.2,28.8,62,42.7,112.4,25
22,49.7,27.4,56.7,45.2,115.2,22.3
23,48.8,27.2,60,47.6,117.6,23.7
24,48.5,27.1,65.3,50.1,120.1,31.3
25,48,27,52.1,55,127.3,28.4
26,51.8,28,53.5,59.9,140,27.8
27,55.8,28.9,55.7,64.8,152.3,29.9
28,68.8,32.2,65,69.7,160,34.9
29,82.4,35.6,77.4,74.6,163,34.1
30,94.9,38.7,82,79.5,170,35.1
31,107.3,41.8,87.7,84.4,182.3,23.3
32,111.8,42.9,83.9,89.3,185,21.1
33,55,25,65,24,48,20
34,51,23,60,31,90,19
35,75,23,70,38,50,18
36,48,23,65,52,65,24
37,47,23,70,59,85,24
38,55,25,70,66,67,23
39,49,23,60,73,110,25
40,51,23,60,80,120,25
41,55,23,57,87,110,27
42,52,22,65,94,100,27
43,60,20,100,16.5,22,9
44,49,20,80,26.5,28,10
45,120,50,150,15.6,25,8
46,52,25,75,20.4,30,7
47,80,30,120,30,35,16
48,75,30,100,34,48,17
49,75,30,100,38,51,22
50,90,30,100,42,60,24
51,75,30,90,46,75,25
52,65,30,75,53,80,28
53,60,25,58,67,90,34
54,65,25,60,74,130,22
55,40,25,35,88,100,28
56,52,25,60,95,100,30
57,70,25,55,102,140,35
58,105,25,120,10.1,20,5
59,70,30,75,19.5,28,12
60,70,25,65,24.5,35,11
61,80,30,85,29.5,50,14
62,65,30,80,34.5,80,19
63,43,25,50,39.5,60,12
64,47,25,55,44.5,80,15
65,79,32,75,28.9,74.3,9.3
66,74,32,78.5,31.4,62.6,10.2
67,75,32,80.8,31,64.7,12.2
68,82,32,97.6,31.6,61.5,13.6
69,76,32,88,28.5,73.8,19.1
70,65,32,80.1,43.5,61.5,12.8
71,65,32,83,33.5,51.5,9.3
72,46,32,61.7,29.1,73.9,18.6
73,58,32,80.9,46.4,64.4,11.6
74,63,32,86,36,54,9.9
75,64,32,90,39.1,57.1,12.8
76,64,32,70.9,44.1,62.1,15.4
77,38,32,47.9,48.5,66.5,13.3
78,55,32,88.2,41.6,59.6,14.8
79,60,32,82.3,33.9,51.9,11.3
80,51,32,77.5,36.4,54.4,6.4
81,76,32,96.6,41,59,10.7
82,51,32,72.6,41.4,59.4,11.6
83,50,32,69.6,38.5,56.5,10.4
84,50,32,74.4,36.6,54.6,16
85,59,32,84.1,43.9,61.9,9.9
86,45,32,70.6,34.1,52.1,12.5
87,54,32,80.1,46.6,64.6,16.8
88,51,32,72,38.9,56.9,11.3
89,50,32,75.9,46,64,11.3
90,89.9,36,58.9,19,64,38
91,89.9,36,110,24.2,44.2,10
92,86.3,36,104,26.4,41.4,8.7
93,71.1,36,94,28.6,38.6,7.5
94,60.2,36,84,30.8,40.8,8.7
95,58.2,36,75,33,43,10
96,54.1,36,80,35.2,45.2,11
97,50.4,36,75,37.4,47.4,15
98,52,36,80,39.6,49.6,17
99,66.9,36,92,41.8,51.8,14
100,75.5,36,84,44,54,16
101,75.9,36,88,46.2,56.2,17
102,76.3,36,87,48.4,58.4,15
103,76.7,36,86,50.6,60.6,16.5
104,77.2,36,88,52.8,62.8,15
105,77.2,36,85,55,65,21
106,75,25,75,21.5,45,13
107,75,30,75,27,30,10
108,51,25,75,38,60,16
109,49,30,65,43.5,65,18
110,50,20,40,19.8,125,49
111,70,20,70,18.5,39,13
112,70,23,90,24.5,50,10
113,75,25,90,27,38,12
114,100,27,130,32,40,14
115,85,25,87,26.3,60,13
116,80,25,90,30.8,40,11
117,85,25,80,35.3,48,12
118,125,30,130,39.8,47,17
119,120,25,120,44.3,50,25
120,110,25,110,48.8,50,23
121,100,25,95,53.3,60,22
122,100,25,95,57.8,90,22
123,85,25,80,62.3,80,23
124,70,30,70,7.5,30,10
125,75,40,85,12.5,35,10
126,80,45,95,17.5,35,10
127,65,25,100,22.5,50,17
128,70,35,80,32.5,43,15
129,55,30,75,45,50,18
130,48,20,85,29.5,50,7
131,49,20,80,34.5,52,8
132,35,20,37,42,90,9.5
133,30,20,52,49.5,90,10
134,80,27,60,31,120,30
135,100,30,110,37,80,30
136,55,25,65,43,80,20
137,32,22,70,49,85,20
138,35,25,50,55,90,18
139,55,25,65,61,80,25
140,60,25,75,67,110,30
141,105,25,100,50,50,18
142,90,25,85,80,100,28
143,90,25,75,100,160,28
144,60,35,50,16,120,47
145,85,25,80,20.5,80,20
146,80,25,85,32.5,80,24
147,75,25,75,37.5,78,21
148,70,25,80,42.5,90,20
149,49.9,25,65,47.5,80,20
150,44,25,60,52.5,125,21
151,85,25,85,42,42,16
152,75,25,80,52,67,17
153,100,25,85,65,70,24
154,85,30,60,17,100,45
155,100,25,90,25,60,23
156,100,25,110,35,55,20
157,80,25,110,45,75,28
158,80,30,110,55,85,23
159,70,25,80,65,95,27
160,60,23,75,79,98,28
161,52,23,70,93,100,33
162,60,23,60,121,180,40
163,50,23,60,135,175,43
164,60,25,50,163,220,51
165,75,27,70,39,130,35
166,80,25,75,45,115,33
167,70,25,70,51,75,31
168,75,24,75,57,110,31
169,55,23,65,64,110,33
170,60,24,55,85,150,42
171,46,23,55,92,230,45
172,80,27,110,21,70,19
173,75,27,100,25,79,17
174,75,27,100,29,80,23
175,75,27,100,33,90,23
176,80,25,85,37,62,25
177,75,25,80,42,105,27
178,75,27,85,47,110,28
179,70,25,80,52,120,30
180,70,25,80,57,135,31
181,65,25,75,62,100,32
182,70,27,70,33,180,75
183,52,27,40,40,190,37
184,55,27,40,43.5,80,24
185,60,25,70,47,60,18
186,47,27,62,50.5,55,16
187,40,25,60,54,70,17
188,35,28,45,57.5,75,13
189,32,25,42,61,77,14
190,35,27,50,64.5,80,22
191,51,25,55,68,68,21
192,35,25,60,71.5,130,35
193,31,26,50,75,115,42
194,37,32,40,78.5,220,37
195,35,15,35,23,55,20
196,75,50,80,30,85,23
197,60,30,65,44,85,21
198,25,10,30,65,70,18
199,40,20,45,72,95,26
200,55,30,57,79,97,29
201,48,25,52,86,120,32
202,52,25,55,93,100,34
203,51,25,55,100,115,37
204,65,25,75,23.8,45,22
205,48,25,60,29.3,40,22
206,75,25,80,32,75,20
207,52,25,70,40.3,90,25
208,85,30,95,43,100,22
209,100,35,100,45.8,95,35
210,85,35,90,51.3,120,32
211,80,30,90,54,110,42
212,77,35,80,56.8,125,43
213,95,25,80,59.5,130,55
214,80,30,65,90.5,95,43
215,75,30,60,83.5,83.5,32
216,39.3,9.7,30.7,41.2,57.4,8.3
217,58.7,10.3,65.5,50.4,78.7,11.8
218,65.6,18.8,65.6,57.8,89.6,11.7
219,75.2,20.6,56.2,64.7,98.5,12.3
220,88.5,18.7,65.3,67.1,100,13
221,88,18,65,68,95.2,22.8
222,60,29,52,70,105,25.2
223,75.8,15.4,61.7,74.5,114.4,20.6
224,75.8,15.4,61.7,74.5,114.4,12.3
225,78.2,19.1,58.2,78.7,124.3,13.7
226,33,23,32,80,104,11.2
227,92.2,20.4,64.1,81.5,113.4,20.9
228,40.2,8.8,27.6,102.6,108,10
229,25,3,26,112.5,135,20.8
230,25,3,25.7,112.5,129.3,14
231,23.3,2.7,17.3,152.6,182.3,19
232,24,20,36,60,60,7.8
233,34,21,40.5,43,47.3,10.8
234,41.1,26.3,37.9,52,315.6,41.6
235,40.6,27.5,38.8,53,282.5,40.4
236,40.8,26.1,36.9,72,274.3,40.3
237,62.5,28.2,54.2,92,296.2,45
238,68,29.6,60.7,97,257.1,48.7
239,40.4,25.4,36.5,115,310.5,39.3
240,39,25.4,34.4,121,150,39.3
241,50.2,32.1,65.1,12.2,61.1,10.8
242,65.2,32.1,67.1,13.9,58.4,12.7
243,59.9,29.4,57.6,22.4,48.2,11.8
244,56.8,33.9,58.5,32.6,45.1,12.1
245,56.4,34,58.9,34.3,46.1,12
246,66.3,34.8,62.3,47.5,54.3,12.9
247,66.2,34.9,65.8,48.9,56.3,13.5
248,74.4,38.3,67.5,66.2,85.2,17.6
249,72.9,36.8,69.4,67.5,86.9,19.5
250,71.4,35.6,66.7,82.2,106.3,22.2
251,71.5,35.6,68.9,83.5,107,22
252,72.7,37.9,64.5,99.8,100.2,27.4
253,37,20,33,87,108.8,16.5
254,44,25,37.4,87,87,17
255,58,30,59,43,55.9,15.1
256,56.1,29.2,59.2,21.4,49.1,14.8
257,58.8,30.2,61.2,31.3,56.2,14.6
258,63.6,31.6,68.3,43.4,64.8,13.1
259,71.3,27.9,68.7,54.8,96.8,17.6
260,68.6,27.9,68.9,61.2,83.3,17.9
261,22.8,18.9,40.3,34.6,142.5,16.6
262,29,17.2,44.3,42.7,119,17.9
263,25.8,19.8,41.1,52.3,123.5,14.6
264,24.8,20.7,41.3,54.6,130.1,11.4
265,47,27,40,52,52,24.4
266,87.1,32.1,74.7,55.4,81.8,18.2
267,85.6,37.3,94.9,66.6,75.1,26.6
268,86.1,39.9,89.2,78.7,84.1,32.1
269,89.7,38.4,93.3,84.7,226.6,33.2
270,89.2,38.4,92.8,91.6,177,34.3
271,85.8,25.3,78.4,26.7,36.1,17.7
272,84.7,31.1,103.1,36.4,44.5,16.3
273,83,35.1,88.1,41.5,51.6,16.5
274,76.5,33.2,85.3,20.5,45.6,12.7
275,75.8,33.9,84.4,23.1,42.7,13.4
276,75.2,34.2,83.4,26.1,41.8,13.1
277,72.7,34.6,82.4,28.2,53,13.1
278,70.3,35.2,83,32,47.1,12.8
279,78.8,35.9,92.2,34.4,53.6,12.7
280,82.1,35.9,98.1,37.3,60.1,12.5
281,75.8,33.2,93.8,39.4,69,12.5
282,69.6,32.6,83.4,46.2,63.4,12.6
283,65.7,31.3,79.4,51.8,65.4,13.3
284,78.1,35.5,83,56.9,63.4,14.7
285,88.1,37.7,93.2,48.8,72,18.6
286,51.4,24.4,57.5,61.7,69.5,21.1
287,50.4,23.9,62.6,74.4,79.5,25.8
288,201.8,73.9,180.1,15,40.1,13.5
289,191.3,70.4,176,16.5,31.8,14.8
290,157.8,61,136.1,23.2,37.8,15.8
291,129.7,47.5,130.8,14.9,20.9,8.7
292,129.7,47,122.6,18.4,21.1,8.4
293,124.2,43.7,114.9,21.8,25.3,8.6
294,119.3,41,111.1,24.7,28.5,9.4
295,110,38.2,108.3,28.3,32.6,10.3
296,105.1,36,100.7,31.9,35.9,10.8
297,100.7,31.7,97.4,35.2,40.2,11.2
298,93,30,95.2,39.2,45.1,12.1
299,84.8,27.3,83.1,43.4,49.9,13.2
300,82.1,26.2,82.6,47,54.3,14.2
301,76,25,69.9,50,65,17
302,78.8,25.1,78.2,50.5,58.4,15.3
303,73.8,22.3,72.2,55.3,64.4,17.4
304,71.1,23.4,71.1,61.2,71.5,18.4
305,73.3,22.3,74.4,67.5,79.1,18.6
306,73.3,22.9,83.1,74.8,86.7,18.6
307,65.1,31.3,98.9,37.7,126.6,25
308,64,31,97,45.4,105,22.7
309,61.6,30.4,92.7,63.5,102.9,31.6
310,60.3,30.1,90.4,73.3,122.8,22.1
311,59.2,29.8,88.5,82.2,135.5,22.7
312,57.9,29.5,86.3,91.9,132.9,29.2
313,56.7,29.2,84.2,100.3,143.5,30.9
314,54.1,28.5,79.7,120.7,149.8,28.7
315,49.3,27.3,71.2,160.4,184.5,33.5
316,48.1,27,69.2,169.7,215.4,34.4
317,43.1,25.8,60.4,212.9,240.8,31.5
318,82,35.5,85,27.5,42.8,10.9
319,83,35.8,120,31.2,42.8,10
320,79,34.8,115,33.9,43.8,10.3
321,75,33.8,110,37.5,45.8,10.6
322,60,30,85,40.2,48.5,11.2
323,65,31.3,77,43.1,50.8,12
324,70,32.5,70,45.8,54.4,13.1
325,71,32.8,82,49.5,59.1,14.3
326,72,33,95,52.4,64.7,15.6
327,71,32.8,90,55.1,69.4,16.1
328,70,32.5,85,59.1,78.3,16.5
329,60,30,65,64.1,89.6,16.7
330,70,32.5,72,69,101.6,16.9
331,35,23.8,40,74.7,113.5,16.9
332,40,25,40,80.3,125.8,17
333,40,25,40,86,136.1,17.5
334,51,23,63,60,84,15.6
335,126.1,58.5,122.5,12.5,24.1,11.1
336,66.4,30.2,95.9,21,24.9,6.9
337,51.3,24.1,71.8,31.5,38.1,10.5
338,55.5,26.6,73,44.7,40.1,13.8
339,50.7,24.1,64.6,59.1,59.5,15
340,113.8,40,107.8,10.4,43.8,10.2
341,115.3,40.7,109.3,11.3,26,8.9
342,125,54.2,122.8,11.9,24,8.2
343,118.3,42.2,117.5,14,18.7,7.2
344,123.5,37.7,113.8,16.4,20.2,7.1
345,104.1,46,107.1,19.6,28.9,9
346,104.9,41.5,103.4,22.8,31.7,11.3
347,92.5,32.4,91.3,14,36,8.8
348,81.2,27.6,87.7,16.2,33.1,8.5
349,76.4,24.6,80.6,18.4,31.6,8.4
350,70.5,26.4,78.8,22.1,31.6,8.3
351,68.7,26.4,78.8,25,32.4,8.2
352,67.5,27,78.8,28.3,34.9,8.5
353,58,24,74.6,32,37.9,9.3
354,53.2,20.5,65.7,36,41.2,9.7
355,51.4,20.5,65.1,37.9,43.4,10.3
356,49.6,19.3,63.9,40.1,46.3,11
357,49.6,19.3,63.9,43.4,51.1,11.9
358,49.6,21,62.1,46.3,55.5,13
359,49.6,21,60.9,50.4,60.7,13.7
360,49,19.3,59.7,54.4,65.4,14.6
361,49,19.9,58,58.1,71.3,15.5
362,51.4,19.3,57.4,62.5,76.8,16.8
363,110,40,121,6.9,16.7,5.9
364,105,40,115.5,9.2,15.2,6.7
365,100,40,110,12,22.1,7.7
366,100,40,110,14.7,25.5,8.7
367,95,40,104.5,17.4,27.5,9.5
368,75,30,82.5,20.5,47.1,10.4
369,83,30,91.3,23.5,45.1,13.2
370,95,30,104.5,26.9,55.9,15.8
371,87,30,95.7,30.4,54.9,19.2
372,86,30,94.6,33.8,61.3,19.9
373,85,30,93.5,35.5,63.2,20.4
374,85,30,93.5,38.2,66.2,21
375,84,30,92.4,39.5,68.1,21.4
376,83,30,91.3,41.6,70.6,22.2
377,47.9,18.5,57.5,11.3,29.6,5.6
378,49.2,21.7,97.8,20.2,49.4,6.9
379,40.3,14.7,60.1,25.7,50.2,7.2
380,49.9,21.7,59.5,31.9,62.3,9
381,47.3,21.1,55,38.1,55.6,11.7
382,47.3,21.7,51.8,44.7,91.8,11.2
383,44.7,19.2,53.1,58.4,100.8,16.1
384,24.6455,16.7903,29.8161,71.192812,90.208154,13.7966849
385,25.1427,17.0886,31.7053,65.065923,84.9259815,12.2668547
386,34.6883,20.3699,51.2938,58.516077,79.538429,11.7961414
387,34.5889,20.3699,51.1943,57.248164,78.165136,11.639221
388,39.1628,21.6625,52.487,53.867861,74.9958325,10.9723572
389,39.54565778,22.04535778,52.487,52.811666,74.0450175,11.3646582
390,39.8589,22.3586,52.6858,51.966231,73.4113005,14.8558018
391,36.8759,21.2648,51.8904,42.2475126,63.903869,11.8746016
392,39.1628,21.2648,51.5921,37.3880576,59.3611767,11.0115873
393,27.6285,18.5801,41.3504,32.9511764,55.76951495,9.7171377
394,40.1572,20.8671,47.217,29.1481559,60.6287544,11.639221
395,44.5323,23.154,57.9558,24.0774619,81.545439,16.6601948
396,45.16417341,23.62794478,54.0779,19.00672,123.0620455,18.8568409
397,45.3277,23.7506,52.3875,17.7390465,138.168508,21.9557314
398,66.3515,29.7475,81.942,16.9136,50.7408,13.8419
399,55.3513768,27.98748548,88.32060085,18.3934,35.9395,12.5598
400,50.422,27.375,100.583,20.5074,41.6472,13.4145
401,49.12563246,26.22270163,83.6367,21.1416,43.7612,13.8419
402,45.4559628,23.89736773,71.4353,23.8897,50.526,16.7265
403,42.2877,22.6301,63.979,27.0607,56.2337,16.5128
404,30.7643,20.2576,49.7441,33.1913,67.0151,20.0385
405,44.3213,24.3247,64.6568,35.5167,73.9912,22.7094
406,42.2877,22.6301,65.3347,38.0534,81.3902,24.312
407,28.3918,16.8683,43.9824,40.8016,89.6347,28.0513
408,34.4925,18.9019,51.7777,42.2814,93.0171,44.6111
409,26.3582,16.8683,56.1837,43.9726,97.2451,44.7179
410,34.53719983,20.95779991,47.7106,46.9322,105.067,39.9103
411,31.4421,18.563,43.6435,54.5425,116.482,45.359
412,82.19555376,24.60998555,43.46119075,208.671453,237.702186,49.05
413,91.42279474,27.49423502,46.11883198,261.894627,261.894627,48.55
414,86.86958874,28.86938759,44.77519885,271.571211,271.571211,53.2
415,98.48453131,29.8869594,49.85670417,317.535966,317.535966,49.15
416,65.07589828,24.10271724,32.83422414,455.431212,455.431212,58.2
417,69.01073157,23.7067394,36.41886424,486.881091,486.881091,68.5
418,82.02580631,25.10648744,37.93049995,506.234259,506.234259,78.2
419,22.76823614,18.86121655,40.34900587,34.5605,142.47,16.5813
420,28.9613,17.2409,44.3107,42.7128,118.973,17.8654
421,25.83242705,19.842704,41.11137489,52.3153,123.539,14.5838
422,24.8474,20.6618,41.313,54.5515,130.09,11.4449
423,56.1345,29.2437,59.1597,21.3523,49.1103,14.774
424,58.84248421,30.2426336,61.18866132,31.3167,56.2278,14.6328
425,63.62747264,31.55458623,68.3370548,43.4164,64.7687,13.0791
426,71.33022447,27.8992,68.72364189,54.8043,96.7972,17.5989
427,68.5714,27.8992,68.9076,61.21,83.274,17.8814
428,35,21,29,76.8,374.4,48.96
429,49.5,15,40,105.6,312,60.48
430,52,27,45,115.2,297.6,55.68
431,47,22,45,168,240,55.2
432,48,24,42,187.2,220.8,48
433,47,22,43,216,216,38.4
434,40,20,44,278.4,278.4,50.4
435,40,29,43,336,336,55.2
436,45,24,40,350.4,350.4,62.4
437,58,23,50,10.38222222,48,26.4
438,63,30,61,12.32888889,41.76,24.96
439,60,30,58,16.87111111,38.4,24.48
440,70,32,69,22.06222222,35.52,24
441,70,31,70,25.95555556,33.6,20.64
442,62,30,65,29.84888889,33.6,24
443,44.2149,23.3664,47.1935,63.772144,200.965408,47.0650551
444,35.10426062,18.98887278,35.4071,58.094078,276.313066,45.0009483
445,29.5235,16.3074,25.0568,54.544209,162.817848,40.3723234
446,30.82073864,16.96605973,26.63307,53.478434,187.625258,64.10457
447,26.0927,17.0787,27.947,39.313,127.863,30.916
448,27.80630296,18.96370051,30.67501567,54.5802,121.756,21.7557
449,29.404,19.4702,58.1015,60.687,137.786,15.6489
450,28.70194234,17.98349999,41.1773,75.1908,147.71,21.7557
451,30.3238,19.2862,37.015355,86.6412,140.84,26.3359
452,27.7483,16.5269,31.0596,95.8015,150.763,31.6794
453,29.404,19.8381,36.9463,118.5902115,162.214,34.7328
454,55.2074,21.7452,61.2766,37.4156343,56.5425837,16.4610819
455,55.0425,21.9081,61.2758,37.7013996,55.4230665,16.4650059
456,54.09073739,21.92566946,60.9464,37.988244,55.1463264,16.1866962
457,53.32761391,21.93975666,80.4655,38.5553601,54.8694882,13.0751604
458,48.09356705,22.03637676,67.5013,40.5552267,56.0255967,12.818727
459,46.02153284,22.42967273,71.7598,42.556761,58.5896364,18.2276667
460,45.05194613,22.98040787,77.9859,44.5611402,60.593427,17.6919426
461,43.5291,23.8454,55.8315,48.554595,65.1495834,25.6703175
462,44.64457731,24.86112967,50.2504,49.9812633,66.5767422,27.953595
463,45.24344166,25.25981675,71.7368,50.8329675,67.4284464,24.2785728
464,47.99054666,26.48577024,54.507,53.398773,104.873805,27.1409346
465,57.7063114,29.2366444,80.5627,63.3773088,105.568353,20.4586569
466,59.41339773,28.67288018,90.0568,68.824998,111.861468,31.0278528
467,62.6654074,29.23027524,88.8879,75.6852291,121.534128,35.0879175
468,58.64053089,26.46893319,78.0372,82.8442728,136.00584,45.6762429
469,40.96272612,21.46158732,52.7558,93.6418455,152.711289,41.5233756
470,54.41346809,25.0331403,67.8122,118.292904,174.267783,44.7952068
471,70.9294,38.6111,60.2029,58.71501642,583.7015802,61.24397802
472,76.9884,40.0053,66.2634,66.68316134,372.9250841,53.37258504
473,70.7222,37.0681,68.7236,76.55329613,405.6205342,49.7937212
474,77.8888,39.9077,73.2928,104.1592111,222.0912045,48.11780517
475,81.0226,43.7048,81.3573,123.9344454,253.2874785,50.97486122
476,81.9693,38.3209,79.6385,218.7388934,235.8668606,74.3217749
477,30.4969,20.559,37.4691,45.56,45.56,16.7735304
478,28.323,20.5,39.0123,52.36,52.36,14.6387763
479,32.9814,20,37.7778,54.4,54.4,14.9437692
480,27.7019,20,39.0123,58.14,58.14,14.3337834
481,25.528,20,36.5432,66.64,66.64,21.6531225
482,25.8385,16,35.9259,71.74,71.74,21.3482277
483,28.323,20,37.1605,74.12,74.12,21.6531225
484,25.8385,14,30.679,78.2,78.2,23.4829818
485,27.0807,14,36.2346,83.3,83.3,23.7879747
486,25.528,19,35.9259,86.36,86.36,28.3625739
487,26.4596,20,35.9259,91.46,91.46,26.8377075
488,26.4596,18,39.6296,95.88,95.88,35.3770182
489,25.419,19.9441,21.1173,58.1556679,289.5349713,152.027
490,31.2849,19.162,21.5084,115.117947,338.4964846,126.521
491,50.0559,20.7263,41.8436,131.529999,359.3672999,126.521
492,31.676,20.3352,23.0726,139.361719,370.6731849,125.698
493,49.7712,23.2239,23.9262,31.3793,47.2184066,15.2584
494,47.6704469,22.74457197,64.2388,36.8966,52.069,14.4186
495,45.4169,22.3811,63.677,40.6897,48.9655,12.739
496,42.8886,23.0834,63.396,45.5172,52.4138,14.6124
497,35.8655,20.6956,52.2995,53.4483,56.2069,14.354
498,36.1464,20.5551,51.0354,54.4828,62.4138,20.491
499,64.6789,25.2294,85.3211,23.83627,82.7273,24.9412
500,61.4679,25.2294,81.6514,27.19298,81.82396049,27.2941
501,63.3028,25.6881,72.0183,34.31583,81.84412749,30.5882
502,63.7615,25.6881,72.0183,38,115.455,32
503,62.3853,26.1468,74.7706,41.43861,117.273,33.4118
504,61.4679,25.6881,76.1468,45.04095,110,33.4118
505,66.9725,26.6055,75.6881,48.15203,112.727,34.3529
506,62.844,26.6055,70.6422,51.75437,147.273,36.7059
507,67.4312,27.5229,75.2294,55.35671,126.364,36.7059
508,71.1009,27.5229,77.5229,62.15203,157.273,39.0588
509,31,10,20,24.856,105.38,31.548
510,38,20,22,132.884,189.684,39.196
511,37.43606557,21.59016393,23,140.532,142.263,31.548
512,36.59344262,18,23,150.092,136.994,35.372
513,37,16,22,158.696,142.263,38.24
514,39.1442623,18.1442623,23.07213115,167.3,142.263,39.196
515,40.01857923,19.01857923,23.50928962,175.904,142.263,36.328
516,40.89289617,19.89289617,23.94644809,182.596,147.532,41.108
517,24.8296,21.5307,26.3141,99.1226378,100,99.8638
518,25.1594,21.6956,26.3141,104.7636884,110,106.339
519,33.0768,24.4997,28.7882,133.4201543,140,91.2302
520,33.2417,24.6646,28.9532,138.384881,145,88.3523
521,30.1078,21.8606,27.6336,173.3588205,175,61.2524
522,30.1078,22.0255,27.6336,177.8719383,185,110.896
523,41.0832,17.2571,58.8075,40.0899,57.1429,14.2545
524,41.3738,17.2571,59.3887,40.954,58.9286,24.764
525,49.219,19.8722,87.8638,41.8182,67.8571,24.764
526,49.219,19.8722,87.8638,45.2748,71.4286,19.9662
527,47.7662,19.5816,77.6941,47.0031,75,17.91
528,47.7662,20.1627,78.2752,49.5956,107.1429,25.6779
529,44.8605,20.7438,70.7206,56.5088,100,28.4195
530,44.8605,20.7438,70.7206,59.1013,107.1429,34.5881
531,50.6718,25.1023,91.3505,65.1504,110.7143,33.4457
532,50.6718,25.6834,91.3505,67.7428,121.4286,33.6742
533,52.9963,23.94,86.1204,76.3844,132.1429,47.8392
534,52.7057,21.6155,76.5318,86.7542,139.2857,50.1238
535,63.6336,26.6126,64.0762,101.72842,451.509,129.088
536,53.587,26.7503,59.397,114.6483,463.694,148.284
537,48.7702,22.4839,54.8319,122.05398,467.713,148.848
538,76.4885,33.2495,85.3328,20.4788,45.6269,12.6525
539,75.8333,33.9046,84.3501,23.1415,42.6683,13.3687
540,75.1782,34.2322,83.3674,26.1001,41.7808,13.13
541,72.7214,34.5597,82.3847,28.1712,53.0235,13.13
542,70.2647,35.2149,83.0398,32.0173,47.1062,12.8117
543,78.7814,35.87,92.2117,34.3842,53.6152,12.6525
544,82.0571,35.87,98.108,37.3428,60.1241,12.4934
545,75.8333,33.2495,93.8496,39.4139,68.9999,12.4934
546,69.6095,32.5943,83.3674,46.2187,63.3786,12.5729
547,65.6787,31.2841,79.4366,51.84,65.4496,13.2891
548,78.1263,35.5425,83.0398,56.8697,63.3786,14.7215
549,92.4762,32.3571,91.2857,13.9706,36.0294,8.79581
550,81.1667,27.5952,87.7143,16.1765,33.0882,8.48168
551,76.4048,24.619,80.5714,18.3824,31.6176,8.37696
552,70.4524,26.4048,78.7857,22.0588,31.6176,8.27225
553,68.6667,26.4048,78.7857,25,32.3529,8.16754
554,67.4762,27,78.7857,28.3088,34.9265,8.48168
555,57.9524,24.0238,74.619,31.9853,37.8676,9.31937
556,53.1905,20.4524,65.6905,36.0294,41.1765,9.73822
557,51.4048,20.4524,65.0952,37.8676,43.3824,10.2618
558,49.619,19.2619,63.9048,40.0735,46.3235,10.9948
559,49.619,19.2619,63.9048,43.3824,51.1029,11.9372
560,49.619,21.0476,62.119,46.3235,55.5147,12.9843
561,49.619,21.0476,60.9286,50.3676,60.6618,13.7173
562,49.0238,19.2619,59.7381,54.4118,65.4412,14.555
563,49.0238,19.8571,57.9524,58.0882,71.3235,15.4974
564,51.4048,19.2619,57.3571,62.5,76.8382,16.7539
565,113.815,39.9854,107.849,10.4255,43.8298,10.1568
566,115.306,40.7312,109.34,11.2766,25.9574,8.92652
567,125.001,54.1547,122.764,11.9149,24.0426,8.24989
568,118.289,42.2227,117.544,14.0426,18.7234,7.20419
569,123.51,37.7482,113.815,16.383,20.2128,7.08117
570,104.12,45.9515,107.103,19.5745,28.9362,8.98804
571,104.866,41.4769,103.374,22.766,31.7021,11.264
572,82.1201,29.039,55.9387,61.5967,219.888,46.9
573,62.1648,22.6533,49.7126,71.2574,273.9785,76.4
574,26.6443,14.272,36.7816,80.9182,192.006,86.4
575,85.712,20.2586,32.4713,88.6467,262.6396667,47.15
576,49.7925,23.4515,35.8238,94.4432,321.935,43.9
577,50.9898,20.6577,43.4866,103.138,220.445,79.9
578,54.1826,23.8506,43.9655,109.9,268.123,58.15
579,87.7075,22.6533,64.0805,116.663,222.118,52.65
580,70.546,28.2407,56.4176,123.425,236.059,53.9
581,54.1826,22.6533,43.4866,130.188,400.9336667,59.65
582,39.0166,17.0658,25.7663,136.95,376.026,67.65
583,62.1648,23.8506,39.1762,175.593,436.251,96.15
584,41.5404,26.7993,38.7765,23,357.19,38.9255
585,41.7708,26.7993,39.2371,33,399.63,39.2116
586,41.0798,26.3387,37.8552,52,315.64,41.5956
587,40.6191,27.4903,38.7765,53,282.49,40.4036
588,40.8495,26.1083,36.9338,72,274.32,40.3374
589,62.5005,28.1813,54.2086,92,296.24,44.973
590,68.0284,29.5633,60.6578,97,257.05,48.7477
591,40.3888,25.4174,36.4732,115,310.5,39.3441
592,39.0068,25.4174,34.4002,121,150.04,39.2778
593,74.1284,27.8899,29.7248,111,1420.8,169
594,70.8257,24.9541,26.789,131,1441,185
595,70.4587,25.3211,27.8899,152,1447.04,201
596,71.1927,26.789,27.156,172,1462,217
597,73.7615,27.8899,28.9908,192,1497.6,233
598,71.9266,24.5872,26.055,213,1522.95,249
599,119.62,40.8228,80.6962,13.4961,47.3684,12.7327
600,63.6076,30.3797,89.2405,18.8946,45.0464,10.0321
601,78.7975,37.0253,85.443,22.7506,45.0464,10.6108
602,68.3544,30.3797,95.8861,26.6067,46.5944,12.154
603,84.4937,33.2278,100.633,31.6195,49.6904,14.083
604,84.4937,37.0253,104.43,35.4756,53.9474,15.0475
605,87.3418,35.1266,81.6456,40.1028,59.7523,15.2404
606,89.2405,33.2278,80.6962,42.0308,64.0093,16.9765
607,78.7975,29.4304,72.1519,50.8997,75.6192,19.8701
608,75.9494,32.2785,70.2532,56.6838,81.4241,21.4133
609,76.8987,37.0253,70.2532,62.0823,86.0681,21.6062
610,60.7595,25.6329,53.1646,70.5656,95.743,21.0275
611,68.3544,30.3797,62.6582,79.4344,105.805,29.4863
612,115.057,28.125,98.0114,44.8248,65.55133927,17.4115
613,114.205,28.9773,95.4545,49.3863,54.28295165,18.9597
614,84.375,30.6818,75.8523,69.6715,69.13558682,20.0655
615,82.6705,30.6818,75,87.5642,98.11656174,33.7774
616,82.6705,28.9773,75.8523,110.2421,125.8832491,28.2484
617,32.3864,14.4886,31.5341,135.312,183.4235347,34.4409
618,56.25,20.4545,39.2045,152.63,200.3757166,40.1911
619,67.3295,23.8636,45.1705,170.524,183.7873567,40.8546
620,75,22.1591,52.8409,188.416,199.0445466,39.9699
621,82.6705,23.0114,63.9205,193.201,191.7148979,40.4122
622,79.2614,25.5682,60.5114,205.736,190.9651839,41.2969
623,129.721,66.7699,170.485,11.3571,24.1071,8.21114
624,111.146,48.194,135.913,21.2143,36.1071,11.5543
625,85.8617,41.4861,116.305,31.3929,48.9643,9.14956
626,86.8198,31.7416,61.7208,79.1904,174.21888,39.2958
627,106.341,43.5939,89.6085,89.985,161.973,47.0423
628,102.855,40.1079,84.7282,105.277,147.3878,47.1831
629,107.038,35.2276,81.2422,115.172,161.2408,48.4507
630,49.1714,21.9809,82.60335569,139.46,167.352,40.8616
631,67.2984,28.2556,52.6574,159.25,191.1,37.7465
632,156.876,50.8516,122.797,22.2749,37.57151933,25.9465
633,153.09,60.9492,132.895,25.1623,34.84274006,18.4298
634,236.395,68.5224,151.828,30.937,33.9409827,16.7595
635,155.614,59.687,121.535,36.7117,47.66793975,16.7595
636,92.5042,36.9674,65.998,53.0733,46.77801052,18.9866
637,86.1932,38.2296,77.3578,67.0288,62.93394358,22.6058
638,67.9452,20.8219,93.1507,15.5703,94.2798,27.3575
639,64.6575,20.274,82.7397,24.3681,75.3508,22.4566
640,60.8219,20.274,89.863,38.0537,73.8947,21.6398
641,56.9863,20.8219,82.1918,54.6719,84.0872,23.0011
642,55.3425,20.8219,78.3562,58.582,87.7274,24.0902
643,53.6986,20.274,69.589,77.1553,103.016,27.3575
644,53.6986,20.274,71.7808,81.0654,104.472,28.1744
645,53.1507,20.274,69.0411,98.6612,120.489,32.5308
646,54.2466,20.274,66.8493,119.19,136.506,36.8872
647,56.9863,20.274,64.6575,141.673,159.803,42.8772
648,77.0281,19.6,39.7495,52.6076,58.3173,29.4784
649,77.0281,28.8,64.1336,57.5017,76.2622,29.2573
650,67.8246,27.6,66.8058,61.58,87.6816,27.0466
651,77.307,29.6,70.4802,64.8427,82.7875,25.4991
652,84.0004,35.6,65.8038,68.9211,146.41,24.3938
653,80.6537,34,59.4572,79.5248,114.599,31.9102
654,71.4502,34,49.7704,85.2346,105.626,33.8998
655,63.9201,24.4,39.4154,90.1286,116.23,36.3316
656,87.905,29.6,60.7933,100.732,134.991,37.2158
657,67.2668,27.6,53.7787,107.258,119.493,38.9844
658,97.3873,33.2,54.7808,121.94,237.765,46.2797
659,99.1165,34,55.4489,126.834,182.3,47.164
660,89.5783,40,53.7787,130.912,192.903,48.2694
661,72.5658,19.6,50.4384,141.516,197.797,62.6389
662,71.7291,20,48.4342,148.041,179.853,62.6389
663,70.6136,20,47.7662,150.488,179.853,62.1968
664,89.0205,23.2,62.1294,161.092,216.558,63.5232
665,137.827,21.2,79.499,167.618,195.35,63.9653
666,99.0607,27.6,43.7578,183.115,207.585,63.7443
667,61.4101,23.2,42.4217,188.009,217.374,58.4386
668,113.71,29.0323,99.1935,65.0553,128.0320832,17.4684
669,114.919,30.2419,95.5645,81.7839,131.6900715,20.1266
670,83.4677,30.2419,75,85.5017,127.8429969,25.0633
671,82.2581,29.0323,76.2097,111.524,171.0276302,28.481
672,35.0806,15.7258,29.0323,157.992,250.3636027,34.1772
673,61.6935,24.1935,42.3387,185.873,289.796453,41.3924
674,67.7419,24.1935,47.1774,185.874,289.7980121,41.3924
675,82.2581,24.1935,62.9032,204.46,297.8716402,40.6329
676,71.371,26.6129,56.8548,223.048,313.549726,42.9114
677,70.1613,25.4032,54.4355,232.342,302.8601204,43.2911
678,58.67,21.2811,78.242,14.7214,26.49852,8.11705
679,58.8608,20.3273,62.035,20.3814,36.68652,9.49358
680,55.0456,20.3273,64.2326,26.0414,46.87452,7.04642
681,57.7162,20.3273,62.5844,33.9654,61.13772,9.18769
682,63.0575,22.4257,52.6954,40.7574,73.36332,10.4113
683,55.0456,20.8996,57.6399,46.4174,83.55132,13.1643
684,55.9994,19.7551,50.2232,56.6054,101.88972,17.4469
685,48.7505,19.7551,52.146,71.3215,128.3787,19.2822
686,58.67,20.8996,45.8281,78.1135,140.6043,18.0587
687,65.3466,22.8072,54.893,86.0375,154.8675,20.9647
688,67.0634,24.3333,53.2448,95.0935,171.1683,23.2589
689,68.0172,22.8072,52.9472,101.885,183.393,33.8123
690,57.3347,20.5181,55.4271,113.205,203.769,33.6593
691,57.3347,20.7089,24.9056,117.733,211.9194,28.765
692,34.6343,14.7953,24.5241,126.789,202.8624,32.5887
693,36.1604,14.9861,25.2871,136.977,219.1632,63.3312
694,35.3974,15.7491,22.4257,155.089,248.1424,45.1304
695,35.5881,15.9399,22.2349,165.277,264.4432,59.8134
696,35.5881,14.9861,22.998,174.333,278.9328,59.6605
697,36.5419,16.1306,23.1887,213.953,342.3248,54.1544
698,38.068,14.6046,22.2349,319.34725,510.9556,84.591
699,129.703,47.543,130.798,14.914,20.9195,8.7013
700,129.703,46.9953,122.582,18.3556,21.1494,8.44156
701,124.225,43.7089,114.914,21.7973,25.2874,8.57143
702,119.296,40.9703,111.08,24.6654,28.5057,9.35065
703,109.984,38.2316,108.341,28.2983,32.6437,10.2597
704,105.055,36.0407,100.673,31.9312,35.8621,10.7792
705,100.673,31.6588,97.3865,35.1816,40.2299,11.1688
706,93.0047,30.0156,95.1956,39.1969,45.0575,12.0779
707,84.7887,27.277,83.1455,43.4034,49.8851,13.2468
708,82.0501,26.1815,82.5978,47.0363,54.2529,14.1558
709,78.7637,25.0861,78.216,50.478,58.3908,15.3247
710,73.8341,22.3474,72.1909,55.2581,64.3678,17.4026
711,71.0955,23.4429,71.0955,61.1855,71.4943,18.4416
712,73.2864,22.3474,74.3818,67.4952,79.0805,18.5714
713,73.2864,22.8951,83.1455,74.7898,86.6667,18.5714
714,129.703,47.543,130.798,14.914,20.9195,8.7013
715,129.703,46.9953,122.582,18.3556,21.1494,8.44156
716,124.225,43.7089,114.914,21.7973,25.2874,8.57143
717,119.296,40.9703,111.08,24.6654,28.5057,9.35065
718,109.984,38.2316,108.341,28.2983,32.6437,10.2597
719,105.055,36.0407,100.673,31.9312,35.8621,10.7792
720,100.673,31.6588,97.3865,35.1816,40.2299,11.1688
721,93.0047,30.0156,95.1956,39.1969,45.0575,12.0779
722,84.7887,27.277,83.1455,43.4034,49.8851,13.2468
723,82.0501,26.1815,82.5978,47.0363,54.2529,14.1558
724,78.7637,25.0861,78.216,50.478,58.3908,15.3247
725,73.8341,22.3474,72.1909,55.2581,64.3678,17.4026
726,71.0955,23.4429,71.0955,61.1855,71.4943,18.4416
727,73.2864,22.3474,74.3818,67.4952,79.0805,18.5714
728,73.2864,22.8951,83.1455,74.7898,86.6667,18.5714
729,32.0958,19.521,29.9168,60.0172,325.081,44.9514801
730,40.479,22.0622,32.9201,84.0789,355.465,51.0331896
731,51.1244,22.5242,44.7021,95.1843,365.06,41.5140561
732,48.4631,25.5275,42.6229,114.619,245.122,48.1245246
733,46.1344,25.7585,41.6988,118.321,248.32,43.6293864
734,44.8037,25.9895,40.0817,122.022,334.676,43.8937659
735,44.1384,25.7585,38.2335,131.277,294.697,48.3889041
736,41.477,22.0622,39.3886,155.339,246.721,44.422623
737,36.8197,20.9071,44.4711,178.475,277.106,34.63911
738,42.475,22.0622,40.3127,190.506,241.924,30.9372084
739,46.5502,24.3724,44.24,196.984,246.721,36.2255832
740,49.3,20.6,47.001,227.524,305.891,42.0428151
741,47.4743,22.7552,44.9331,247.884,294.697,45.4803372
742,75.2941,32.3529,104.1176,91.46341463,108.4634146,10.6666092
743,74.1176,28.8235,62.9412,194.3597561,211.3597561,33.1461261
744,82.5777,38.1767,72.8548,209.246,224.706,43.8941
745,80.6331,32.0189,66.697,219.167,234.627,45.6636
746,80.9572,33.9635,64.7525,231.66,247.488,48.3643
747,77.0681,33.3153,63.4561,250.4,267.33,52.3688
748,96.1897,39.7972,67.0211,260.321,278.353,54.4176
749,81.8182,35.4545,63.6364,46.64634146,155.7408082,12.8642454
750,90,40,64.5455,97.02439024,192.8505308,37.0711071
751,104.5455,40,66.3636,154.8658537,257.3896594,19.6075413
752,83.0252,39.0476,73.2213,164.567,198.63,36.9623
753,79.6639,32.8852,56.4146,188.979,227.583,42.35
754,75.4622,33.7255,63.1373,200.901,240.64,45.1038
755,77.7031,34.5658,63.1373,217.932,258.807,48.5759
756,97.591,40.4482,66.2185,228.718,273,51.2099
757,34.7789,18.6224,25,9.2437,56.3625,37.5449
758,54.7619,25,50.085,10.1441,52.7611,25.2695
759,64.1156,27.1259,76.4456,12.545,46.4586,10
760,51.7857,25,94.7279,15.2461,39.8559,9.7006
761,47.534,24.5748,102.806,16.7467,38.6555,9.7006
762,49.6599,25.8503,90.051,18.8475,43.1573,10.4491
763,45.4082,22.8741,76.4456,20.9484,47.9592,11.1976
764,40.3061,21.1735,68.7925,23.0492,53.0612,12.2455
765,41.5816,21.5986,67.9422,24.8499,56.9628,12.6946
766,34.7789,19.0476,59.0136,27.551,62.6651,14.1916
767,26.7007,16.4966,46.2585,29.3517,67.467,15.3892
768,29.6769,17.7721,49.6599,30.5522,70.4682,16.4371
769,41.5816,21.5986,62.8401,32.3529,74.97,17.485
770,44.1327,22.8741,64.5408,33.2533,78.2713,17.9341
771,39.4558,22.449,60.7143,34.4538,82.1729,18.0838
772,40.7313,21.5986,62.415,35.6543,85.7743,18.8323
773,39.0306,20.3231,56.4626,37.7551,91.4766,20.479
774,27.9762,15.2211,43.2823,38.9556,96.2785,21.976
775,34.3537,19.0476,51.3605,40.7563,99.88,25.1198
776,63.3333,27.381,75.9524,28.48139133,52.55845896,12.33220443
777,62.8571,26.9048,78.8095,30.83036397,35.52830925,13.21306917
778,61.6667,25.9524,74.7619,36.11555241,49.91586474,15.85566339
779,65.2381,25,78.0952,42.28170366,71.93758131,19.08550077
780,64.7619,27.381,82.8571,47.86051368,71.64395973,20.55360867
781,57.8571,23.3333,79.2857,53.73294528,69.29498709,22.02171657
782,51.4286,23.3333,63.5714,59.89899846,78.98449923,21.43447341
783,36.1905,20.2381,54.0476,64.89066339,77.81001291,19.37912235
784,37.619,22.381,53.3333,71.35033815,88.67410944,22.31533815
785,74,30,74,52.84601784,185.1481296,58.09318704
786,76,30,76,55.8443592,176.9031936,47.5989444
787,74,28,82,58.09318704,170.9067024,61.46633304
788,73,28,83,62.21584656,162.6608088,70.83616176
789,62,26,83,64.4646744,157.78854,70.46135712
790,64,28,78,69.3369432,151.4166696,51.72160392
791,57,29,84,71.96057568,148.7938032,56.21916384
792,61,26,73,74.20930776,145.7946,51.72160392
793,46,29,84,76.45803984,143.9215344,58.46799168
794,83,27,62,77.0513688,216.7010496,81.396
795,78,29,75,81.92804256,190.1017944,106.7542056
796,79,29,76,86.36134752,175.9149504,110.7445248
797,74,27,73,91.68129432,170.5945248,85.91797872
798,72,26,72,96.5576808,175.0282128,58.8746844
799,69,27,68,103.2082128,182.5645248,87.69135816
800,55,27,69,113.8481064,195.4212624,113.4047376
801,39,24,61,123.1578936,205.1744184,110.7445248
802,29,21,52,135.1278936,217.5877872,65.0813688
803,51,22,66,87.37372224,92.834532,38.2259556
804,58,23,76,90.88428384,91.6643448,31.98498912
805,66,25,78,94.78487592,95.1749064,29.25458424
806,62,26,82,98.685468,99.465912,44.0768916
807,68,25,78,102.5857728,103.3662168,40.17629952
808,68,26,80,106.4870352,107.6572224,37.44589464
809,62,26,73,109.606896,111.167784,44.46692208
810,55,25,53,112.7277144,115.0680888,63.57994776
811,57,32,53,116.238276,118.1889072,56.55882456
812,44,22,49,118.9683936,121.6994688,58.89919896
813,58,25,64,122.4789552,125.5997736,48.7576404
814,51,26,48,130.6702656,133.01064,60.84954288
815,64,26,90,23.0001156,62.80793064,23.0001156
816,68,26,88,26.09622792,65.90413872,25.21159704
817,66,26,88,28.75012056,68.5579356,25.65391248
818,64,26,84,31.84632864,71.65414368,26.09622792
819,67,26,75,34.94244096,74.750256,29.192436
820,65,27,84,38.03864904,77.84646408,30.07706688
821,69,27,79,40.25013048,80.94267216,38.03864904
822,66,26,80,44.23096944,83.59646904,41.13476136
823,72,26,82,46.88476632,86.25036168,42.46170768
824,65,28,75,53.07718248,92.88499752,55.28866392
825,62,27,78,58.82718744,99.0771264,36.71170272
826,53,27,61,61.92329976,102.1730472,45.55791576
827,55,25,68,68.5579356,108.3658464,44.67328488
828,24.2553,10.2128,25.9574,67.2910308,379.5892884,58.1200956
829,29.7872,14.0426,23.4043,77.6431656,362.3352516,57.774402
830,36.1702,6.80851,29.3617,86.270184,255.3598404,57.774402
831,34.4681,16.1702,34.4681,91.4464908,253.634724,57.4282296
832,47.234,6.38298,35.7447,113.8768344,260.5361472,56.0444976
833,49.7872,19.5745,42.5532,124.2289692,324.3759876,53.9688996
834,51.9149,15.7447,40.4255,144.9341964,281.2408956,51.2009568
835,43.4043,16.1702,42.1277,170.8152516,239.8313988,45.66588516
836,53.1915,12.3404,40.4255,182.8929816,250.1840124,43.24421052
837,44.6809,16.5957,40,193.2455952,217.4010552,41.86038276
838,44.2553,15.3191,40.4255,222.577362,222.577362,44.97397128
839,44.2553,17.0213,40,245.0077056,245.0077056,49.1253588
840,37.0213,12.766,40.4255,272.6138772,274.3394724,54.3145932
841,36.5957,24.2553,40.4255,327.827178,327.827178,64.3473684
842,42.5532,17.8723,36.5957,353.7082332,351.982638,69.5366028
843,164.738,63.1054,174.326,4.29511,19.899,10.359
844,136.522,45.5731,172.956,6.08417,20.0539,7.67829
845,148.849,56.5308,172.135,7.87372,21.3536,6.99908
846,132.687,69.1321,172.409,10.6392,23.7923,7.16341
847,142.549,48.5865,162.547,12.2659,25.9908,7.64434
848,136.248,76.5286,150.219,14.2998,28.4327,8.19394
849,137.07,59.5442,152.959,16.1701,30.9563,8.69805
850,130.495,53.5174,146.11,17.8782,32.7463,9.22448
851,115.428,51.0519,139.261,20.8885,36.3288,10.0032
852,125.016,51.3259,137.618,22.1894,37.9564,10.4153
853,106.662,51.5998,123.647,24.0599,40.4805,11.0103
854,102.553,38.4506,118.716,27.7202,44.7941,11.9043
855,93.2391,42.2858,119.264,29.3473,46.5037,12.2711
856,88.856,41.4639,115.428,30.8108,48.5388,12.6836
857,88.0342,33.7936,107.484,32.1119,50.3298,13.0729
858,43.2258,25.8065,60.9677,15.722595,29.9780376,8.671780908
859,47.4194,30.9677,66.4516,19.557405,27.95249982,6.464421348
860,35.1613,21.6129,60,38.092194,34.8393675,9.617793549
861,38.0645,22.9032,54.5161,51.002595,38.08018872,19.55094099
862,41.6129,26.7742,65.1613,63.27405,51.04366974,17.9742696
863,37.7419,23.871,57.7419,75.80097,61.17135864,15.29391843
864,39.6899,25.4264,60.155,12.92817582,29.65862361,4.4145
865,49.9225,26.6667,65.4264,18.63173088,39.54486417,6.3765
866,46.5116,24.186,63.2558,25.85625357,36.12271152,9.81
867,42.1705,23.2558,50.8527,35.74249413,38.78442939,15.696
868,100.557,29.5918,74.5826,19.115652,53.31351,22.460595
869,126.067,37.9406,105.659,28.76504627,30.514938,12.970214
870,120.501,26.8089,98.2375,28.76118,30.514938,13.145947
871,116.327,35.1577,89.8887,33.145528,32.268649,14.903418
872,133.024,30.5195,91.2801,39.283587,39.283587,17.891114
873,110.297,26.8089,90.3525,50.68292,49.8059,16.660889
874,49.0724,24.4898,40.7236,60.32826,60.32826,15.782177
875,72.7273,25.8813,64.3785,70.85062,70.85062,19.472852
876,68.5529,24.026,45.3618,78.74239,79.61941,25.799804
877,34.2301,18.9239,24.026,87.51118,86.63416,17.715381
878,106.982,26.2627,81.0367,23.402475,37.79501874,18.016651
879,107.703,25.542,91.1266,30.715769,30.514938,16.45
880,122.838,34.1905,85.3609,41.441921,38.53426073,17.820849
881,150.225,32.7491,107.703,49.73023,61.91921,21.7375
882,98.3337,26.2627,74.5503,67.76977,72.71481945,19.3875
883,78.1538,35.6319,65.181,75.08297,79.65410155,21.933349
884,94.7302,28.4248,60.8568,88.24673,88.12623474,32.116651
885,112.027,32.0284,70.226,96.53518,102.38574,34.858349
886,64.41006086,29.32246279,81.54639894,15.4505761,30.2494727,11.5428462
887,49.64177804,26.4862191,97.33706367,17.7740135,37.9545709,10.3074094
888,47.62265419,24.9296134,77.80954326,20.4074118,45.5566841,12.0370305
889,32.79669352,19.81791987,52.08887328,29.087754,60.445489,15.1873656
890,40.69230925,22.52142994,61.24815742,35.6921581,76.778431,18.3994917
891,33.77439757,18.51353645,52.25869224,41.168613,91.362544,25.1943462
892,23.16643749,15.03171829,39.90770711,55.766617,119.105266,31.5567595
893,62.01681856,28.83716151,66.64480216,14.1256142,27.5802452,15.5579679
894,53.16844668,27.32018393,98.82100659,16.7600663,36.0114116,10.2456663
895,50.58558712,27.19231514,91.70892483,18.8897961,40.6238463,11.233987
896,50.25121024,26.92840669,82.98656104,19.499132,42.369945,11.5428462
897,43.45613478,23.62784897,71.73641461,22.4518317,48.841714,12.6547489
898,42.12847408,22.29082316,64.16549126,25.8267699,54.286507,13.7666037
899,38.96945762,21.76216354,61.51196545,26.9458576,56.75192,14.198997
900,29.27921226,18.47762417,50.19049402,30.9268745,63.734303,15.9286181
901,44.47392275,24.21428548,64.84656192,34.1751172,72.363967,18.2759097
902,42.07280777,22.30225029,61.38742585,36.6047968,79.347308,19.0789532
903,29.25143293,16.69560061,44.86233917,39.8497344,88.387954,22.4764044
904,31.81730307,17.71214921,48.96929095,40.6655193,89.927939,23.7735843
905,29.01350111,17.04479996,55.97798151,42.1775786,94.855891,26.4915261
906,30.14551008,18.28163139,47.93501187,45.5293332,103.588061,26.9857104
907,28.45759561,17.5628228,42.58989858,53.103856,114.996404,30.2595796
908,85.8436,25.3498,78.3539,26.6564,36.1043,17.6978
909,84.6914,31.1111,103.128,36.4417,44.5399,16.259
910,82.963,35.144,88.1481,41.5031,51.6258,16.5468
911,88.0727,37.6727,93.1636,48.7871,71.9677,18.5978
912,51.4182,24.4364,57.5273,61.7251,69.5418,21.0517
913,50.4,23.9273,62.6182,74.3935,79.5148,25.8303
914,201.813,73.92,180.107,14.9813,40.0749,13.5062
915,191.253,70.4,176,16.4794,31.8352,14.8133
916,157.813,61.0133,136.107,23.221,37.8277,15.8299
917,126.121,58.5345,122.5,12.4514,24.1245,11.1159
918,66.3793,30.1724,95.9483,21.0117,24.9027,6.90987
919,51.2931,24.1379,71.8103,31.5175,38.1323,10.515
920,55.5172,26.5517,73.0172,44.7471,40.0778,13.8197
921,50.6897,24.1379,64.569,59.144,59.5331,15.0215
922,47.9452,18.5388,57.5342,11.284,29.572,5.61927
923,49.2237,21.7352,97.8082,20.2335,49.4163,6.90367
924,40.274,14.7032,60.0913,25.6809,50.1946,7.22477
925,49.863,21.7352,59.4521,31.9066,62.2568,8.99083
926,47.3059,21.0959,54.9772,38.1323,55.642,11.7202
927,47.3059,21.7352,51.7808,44.7471,91.8288,11.2385
928,44.7489,19.1781,53.0594,58.3658,100.778,16.055
929,52.9333,22.2667,37.9333,194.006484,712.714158,107.06634
930,49.6,23.2667,38.2667,208.110321,465.112701,91.9400067
931,48.2667,24.6,38.2667,211.243635,559.138608,90.6246819
932,53.9333,29.6,40.9333,223.780815,581.077692,63.6609159
933,53.2667,26.2667,36.2667,247.287537,465.112701,56.4267276
934,35.6,21.6,32.9333,256.689441,314.672427,54.4537404
935,45.6,22.2667,32.6,283.330458,410.264991,28.8052011
936,42.2667,22.6,36.2667,288.03141,233.1837,27.4898763
937,53.6,27.6,41.6,324.074331,292.733343,22.8863376
938,149.524,59.0476,142.857,11.7684,26.30580645,8.639496264
939,151.429,61.9048,142.857,12.92219355,26.76732387,9.106495797
940,176.19,68.5714,153.333,16.84499355,31.84391742,10.27400934
941,155.238,60,142.857,20.07551742,35.76671742,12.1420467
942,162.857,57.1429,143.81,21.92148903,37.84344774,12.3754533
943,153.333,74.2857,139.048,27.22884129,44.53535226,15.41101401
944,155.238,60.9524,142.857,28.15187613,45.45828903,16.57853736
945,156.19,61.9048,139.048,29.76708903,47.53511742,17.97946731
946,153.333,70.4762,133.333,31.61315871,49.61184774,18.44647665
947,77.1574,30.4569,54.8223,19.425762,235.051524,16.9956288
948,93.9086,41.6244,85.7868,29.138643,145.693215,20.4947577
949,91.3706,38.5787,81.7259,42.7366764,75.7603737,16.4958093
950,77.1574,31.4721,67.0051,56.3346117,67.9900689,5.74853247
951,87.1111,32.1481,74.6667,55.4308,81.76807363,18.1818
952,85.5556,37.3333,94.8889,66.6319,75.0699839,26.6234
953,86.0741,39.9259,89.1852,78.6945,84.11188382,32.0779
954,89.7037,38.3704,93.3333,84.7258,226.6410767,33.2468
955,89.1852,38.3704,92.8148,91.6188,176.9908384,34.2857
956,64.6,28.6,79,65.727,117.72,35.316
957,36,17,55,37.278,294.3,98.1
958,70,30,66,233.478,480.69,194.238
959,45.2,11.2,69,198.162,294.3,100.062
960,38,18,68,81.423,176.58,53.955
961,35.6,13.6,51,51.012,225.63,55.917
962,49,26,72,15.696,58.86,28.449
963,42.1622,20.1081,55.1351,26.747982,74.13028,12.41411
964,37.6216,21.4054,47.027,30.569129,62.66651,11.494555
965,35.027,20.4324,44.4324,32.097569,61.13807,11.034801
966,27.5676,18.8108,40.8649,32.861789,58.84541,11.034801
967,36.973,21.7297,50.9189,44.325183,64.19495,12.26089
968,39.5676,22.0541,52.8649,53.49587,71.83762,14.866288
969,39.2432,22.0541,52.2162,55.02431,74.13028,15.479356
970,33.7297,15.5676,49.9459,56.55275,74.13028,11.034801
971,34.7027,20.4324,50.5946,61.90229,80.24404,11.801089
972,24.3243,17.5135,31.4595,68.01605,86.3578,12.720644
973,24.3243,16.8649,28.5405,75.65872,94.76422,13.793466
974,138.519,51.0987,139.036,2.75831,14.0037,6.16
975,102.309,44.3741,133.863,16.3104,16.5988,6.24
976,102.309,45.9259,138.519,26.6907,23.2306,10.92
977,97.1364,44.3741,111.62,38.8011,28.9975,13.26
978,69.7207,32.994,84.7217,52.0649,55.2367,12.98
979,87.8254,38.684,96.6191,65.0403,72.2489,26.4
980,85.7563,40.7532,81.618,78.8808,125.592,43.26
981,56.1404,32.2807,61.7544,14.3046,23.8411,7.35
982,61.7544,33.6842,64.5614,44.5033,46.0927,18.24
983,87.0175,42.1053,101.053,63.5762,63.5762,18.33
984,70.1754,37.8947,84.2105,81.0596,81.0596,28.2
985,89.8246,37.8947,96.8421,96.9536,96.9536,29.7
986,94.0351,42.1053,102.456,114.437,114.437,36.14
987,106.667,42.1053,94.0351,147.815,155.762,53.46
988,113.684,44.9123,108.07,165.298,165.298,55.25
989,63.1579,30.8772,91.2281,184.371,235.232,46.8
990,58.9474,26.6667,47.7193,205.033,225.695,56.1
991,113.333,45.7143,157.143,11.7189,9.94079,2.75
992,94.2857,40.9524,124.762,19.2756,19.2756,6.5
993,105.714,42.8571,132.381,25.0543,22.8317,11.2
994,100.952,45.7143,125.714,32.6111,26.3879,13.5
995,89.5238,40.9524,112.381,40.1678,29.944,16.33
996,92.381,37.1429,107.619,48.6136,39.7233,18.98
997,72.381,35.2381,83.8095,58.393,52.1698,20.25
998,80.9524,35.2381,94.2857,67.2833,52.1698,32.2
999,85.7143,36.1905,96.1905,76.6181,69.9504,41.14
1000,86.6667,33.3333,81.9048,86.3975,76.6181,37.99
1001,81.9048,32.381,70.4762,94.3987,101.511,47.75
1002,155.826,59.8261,171.13,8.125,17.5,1.971471416
1003,109.913,44.5217,133.565,14.375,15.625,3.604719554
1004,123.826,50.087,139.13,20,27.5,4.940510493
1005,119.652,48.6957,148.87,25.625,23.75,4.44803416
1006,122.435,51.4783,137.739,32.5,28.125,7.15550628
1007,107.13,45.913,130.783,39.375,38.125,11.30427485
1008,82.087,36.1739,98.7826,46.875,45,13.55348182
1009,91.8261,43.1304,100.174,55,70.625,19.54062519
1010,87.6522,40.3478,91.8261,65,105.625,31.80281244
1011,102.128,40.8511,61.2766,21.19523,172,22.448975
1012,84.8936,33.1915,55.5319,44.6215,410,26.5305
1013,74.8513,27.4468,50.4255,66.26298,255,36.73475
1014,69.5745,33.1915,51.0638,88.3505,245,37.245
1015,77.8723,32.5532,51.0638,92.5897,289,34.18375
1016,68.7817,25.8883,73.3503,19.9597,52.0161,18.1513
1017,62.1827,24.8731,78.6802,32.6613,56.8548,17.395
1018,52.7919,24.3655,78.934,37.5,60.4839,18.6555
1019,46.4467,22.8426,55.5838,47.1774,87.0968,24.4538
1020,42.6396,22.335,57.3604,50.2016,85.2823,25.4622
1021,49.2386,23.3503,88.0711,55.0403,85.2823,22.9412
1022,53.2995,24.1117,84.0102,61.0887,90.121,24.4538
1023,52.7919,24.3655,82.7411,65.3226,94.3548,26.9748
1024,44.9239,22.335,87.0558,70.1613,102.823,30.5042
1025,52.5381,23.8579,87.5635,77.4194,114.919,35.5462
1026,56.872,23.8863,79.0521,48.5294,104.412,30.2913
1027,51.7536,23.8863,85.8768,41.1765,95.5882,27.9612
1028,54.5972,24.455,87.0142,36.7647,82.3529,25.3398
1029,56.872,24.455,85.8768,32.3529,75,23.301
1030,55.7346,24.455,87.0142,29.4118,70.5882,21.5534
1031,58.5782,23.8863,88.1517,25,64.7059,19.8058
1032,59.1469,24.455,92.7014,20.5882,58.8235,18.0583
1033,59.1469,25.5924,88.7204,17.6471,52.9412,16.6019
1034,67.109,26.1611,89.8578,13.2353,48.5294,15.1456
1035,45.1081,23.4865,47.3604,115.416,189.931,67.1867
1036,55.6937,24.3874,65.8288,103.803,185.092,80.1111
1037,55.24792197,24.1622,67.6306,90.2546,196.705,62.5571
1038,55.18668838,24.47183547,66.955,77.674,258.64,61.5926
1039,66.0541,24.3874,67.8559,69.9322,166.705,61.0139
1040,64.11080036,26.52962238,70.3333,57.3517,155.093,61.7855
1041,63.15831429,25.12742857,65.8288,43.8034,144.448,51.9475
1042,64.9279,25.964,70.1081,33.1584,137.673,55.034
1043,67.7511183,26.07397762,69.8829,22.5133,128.964,54.6481
1044,58.78341619,26.1892,56.1441,10.9005,314.768,82.0401
1045,50.7256,23.7044,55.004,43.926,138.664,41.2707
1046,50.22891966,23.60508511,57.7061,41.0603,132.258,39.412
1047,49.7874,23.5168,55.9047,38.5317,126.864,30.7387
1048,49.55240722,23.86925786,55.84156169,35.4974,119.784,31.1521
1049,51.0248203,24.12215191,58.04773422,33.3059,114.052,33.5685
1050,55.42641387,24.23801581,70.53937583,29.5973,107.478,33.4476
1051,56.46556118,24.19026118,70.7663,27.0687,101.409,27.5833
1052,56.355,24.0797,67.1635,23.6973,95.1721,28.9345
1053,56.355,23.68205645,66.9383,19.9887,91.4635,24.0059
1054,56.98355403,23.88344256,68.5146,17.1229,89.2721,31.4986
1055,58.6068,24.8303,70.9915,13.4143,91.295,34.0528
1056,49.03,22.7682,53.4332,94.01345,103.51,29.5476
1057,41.16720452,21.45775545,45.09865,85.72895,94.2155,27.143
1058,40.61932515,21.33264234,44.4696,77.84855,87.3455,26.0208
1059,48.7155,22.611,54.0622,71.38265,79.6671,21.372
1060,39.97384977,21.8339356,33.97045891,63.30015,71.5847,22.4941
1061,38.75039258,21.95984957,43.6833,55.8239,64.7146,22.0132
1062,56.2638,24.498,75.1346,43.2961,47.3373,20.4101
1063,57.6791,25.1271,70.4169,28.54565,45.3167,12.8758
1064,68.2153,24.9698,73.4048,23.4941,44.5085,14.6391
1065,80.4,39,75,38.307264,38.2216,28.959
1066,100.2,46,79.5,64.69139208,45.38815,35.1645
1067,104.4,43.5,78,80.58890664,59.24348,33.096
1068,56.19712396,36.23298993,66.9925,6.39303,86.5704,12.6092
1069,50.226,32.1339,65.1488,12.1685,61.0903,10.785
1070,65.1618,32.148,67.0702,13.8672,58.3724,12.6721
1071,59.9201,29.3866,57.6301,22.3606,48.1804,11.7915
1072,56.7977,33.8957,58.5152,32.5526,45.1228,12.106
1073,56.36683062,33.96508305,58.9159,34.2513,46.142,11.9802
1074,66.3221,34.8345,62.3151,47.5009,54.2956,12.9237
1075,66.1551074,34.93248659,65.7687,48.8598,56.334,13.4898
1076,74.3745,38.3058,67.5039,66.1863,85.2114,17.5785
1077,72.8624,36.7946,69.4273,67.5452,86.9101,19.5285
1078,71.42095547,35.63558394,66.7407,82.1538,106.275,22.1704
1079,71.52619939,35.64748168,68.8519,83.5128,106.954,22.0446
1080,72.6708,37.9384,64.4643,99.82,100.16,27.3913
1081,39.2899,9.74717,30.682,41.2212,57.3955,8.27897
1082,58.7291,10.3432,65.4769,50.3845,78.7097,11.8416
1083,75.228,20.5606,56.1523,64.727,98.5368,12.276
1084,75.8407,15.3596,61.65,74.4879,114.398,20.6177
1085,78.2295,19.146,58.2233,78.6712,124.312,13.7098
1086,92.23,20.3505,64.0821,81.46,113.407,20.9218
1087,40.1642,8.75873,27.6037,102.575,107.955,10.0168
1088,23.33759673,2.73226575,17.274,152.575,182.306,19.0102
1089,65.5828,18.8254,65.5828,57.755,89.6146,11.7112
1090,88.5196,18.7328,65.2576,67.1174,100.024,12.9712
1091,75.8407,15.3596,61.65,74.4879,114.398,12.276
1092,71.0027,27.6423,55.4201,11.2745,80.719,19.1708
1093,74.3902,26.8293,88.6179,16.1765,91.3399,21.1609
1094,68.2927,27.6423,79.1328,21.8954,101.961,25.141
1095,75.7453,27.6423,75.7453,27.6144,111.765,29.1211
1096,63.5501,23.5772,79.8103,32.5163,122.386,32.4378
1097,76.4228,33.7398,76.4228,37.4183,133.007,36.4179
1098,68.2927,29.6748,77.7778,43.9542,142.81,40.0663
1099,71.0027,26.2873,71.0027,55.3922,164.052,48.0265
1100,68.9702,26.2873,71.6802,61.1111,174.673,52.0066
